<?xml version="1.0" encoding="utf-8" standalone="yes"?>
<rss version="2.0" xmlns:atom="http://www.w3.org/2005/Atom">
  <channel>
    <title>Categories on EGATi Intranet</title>
    <link>https://intranet.egati.co.th/categories/</link>
    <description>Recent content in Categories on EGATi Intranet</description>
    <generator>Hugo -- gohugo.io</generator>
    <language>en-us</language>
    <lastBuildDate>Sat, 10 Oct 2015 13:07:31 +0200</lastBuildDate><atom:link href="https://intranet.egati.co.th/categories/index.xml" rel="self" type="application/rss+xml" />
    <item>
      <title>lorem</title>
      <link>https://intranet.egati.co.th/categories/lorem/</link>
      <pubDate>Sat, 10 Oct 2015 13:07:31 +0200</pubDate>
      
      <guid>https://intranet.egati.co.th/categories/lorem/</guid>
      <description></description>
    </item>
    
    <item>
      <title>pseudo</title>
      <link>https://intranet.egati.co.th/categories/pseudo/</link>
      <pubDate>Mon, 03 Aug 2015 13:39:46 +0200</pubDate>
      
      <guid>https://intranet.egati.co.th/categories/pseudo/</guid>
      <description></description>
    </item>
    
    <item>
      <title>starting</title>
      <link>https://intranet.egati.co.th/categories/starting/</link>
      <pubDate>Wed, 24 Jun 2015 13:50:46 +0200</pubDate>
      
      <guid>https://intranet.egati.co.th/categories/starting/</guid>
      <description></description>
    </item>
    
  </channel>
</rss>
