<?xml version="1.0" encoding="utf-8" standalone="yes"?>
<rss version="2.0" xmlns:atom="http://www.w3.org/2005/Atom">
  <channel>
    <title>hugo on EGATi Intranet</title>
    <link>https://easy.egati.co.th/intranet/tags/hugo/</link>
    <description>Recent content in hugo on EGATi Intranet</description>
    <generator>Hugo -- gohugo.io</generator>
    <language>en-us</language>
    <lastBuildDate>Mon, 03 Aug 2015 13:39:46 +0200</lastBuildDate><atom:link href="https://easy.egati.co.th/intranet/tags/hugo/index.xml" rel="self" type="application/rss+xml" />
    <item>
      <title>Hugo is for lovers</title>
      <link>https://easy.egati.co.th/intranet/blog/hugo-is-for-lovers/</link>
      <pubDate>Mon, 03 Aug 2015 13:39:46 +0200</pubDate>
      
      <guid>https://easy.egati.co.th/intranet/blog/hugo-is-for-lovers/</guid>
      <description>Step 1. Install Hugo Goto hugo releases and download the appropriate version for your os and architecture.
Save it somewhere specific as we will be using it in the next step.
More complete instructions are available at installing hugo
Step 2. Build the Docs Hugo has its own example site which happens to also be the documentation site you are reading right now.
Follow the following steps:
 Clone the hugo repository Go into the repo Run hugo in server mode and build the docs Open your browser to http://localhost:1313  Corresponding pseudo commands:</description>
    </item>
    
    <item>
      <title>How To Setup Airspace Hugo</title>
      <link>https://easy.egati.co.th/intranet/blog/installation/</link>
      <pubDate>Mon, 01 Jan 0001 00:00:00 +0000</pubDate>
      
      <guid>https://easy.egati.co.th/intranet/blog/installation/</guid>
      <description>Install this template by following those simple steps: STEP-1 : Hugo installation Check this link below for install hugo on your computer. hugo install documentation
STEP-2 : Create your project Hugo provides a new command to create a new website.
hugo new site &amp;lt;new_project&amp;gt; STEP-3 : Install the theme Run this command
hugo new site airspace-hugo and then go to the themes folder inside of airspace-hugo folder. You can also use this command cd airspace-hugo/themes for going to this folder.</description>
    </item>
    
  </channel>
</rss>
