<?xml version="1.0" encoding="utf-8" standalone="yes"?>
<rss version="2.0" xmlns:atom="http://www.w3.org/2005/Atom">
  <channel>
    <title>theme on EGATi Intranet</title>
    <link>https://easy.egati.co.th/intranet/tags/theme/</link>
    <description>Recent content in theme on EGATi Intranet</description>
    <generator>Hugo -- gohugo.io</generator>
    <language>en-us</language>
    <lastBuildDate>Wed, 24 Jun 2015 13:50:46 +0200</lastBuildDate><atom:link href="https://easy.egati.co.th/intranet/tags/theme/index.xml" rel="self" type="application/rss+xml" />
    <item>
      <title>Creating a new theme</title>
      <link>https://easy.egati.co.th/intranet/blog/creating-a-new-theme/</link>
      <pubDate>Wed, 24 Jun 2015 13:50:46 +0200</pubDate>
      
      <guid>https://easy.egati.co.th/intranet/blog/creating-a-new-theme/</guid>
      <description>Introduction This tutorial will show you how to create a simple theme in Hugo. I assume that you are familiar with HTML, the bash command line, and that you are comfortable using Markdown to format content. I&amp;rsquo;ll explain how Hugo uses templates and how you can organize your templates to create a theme. I won&amp;rsquo;t cover using CSS to style your theme.
We&amp;rsquo;ll start with creating a new site with a very basic template.</description>
    </item>
    
    <item>
      <title>How To Setup Airspace Hugo</title>
      <link>https://easy.egati.co.th/intranet/blog/installation/</link>
      <pubDate>Mon, 01 Jan 0001 00:00:00 +0000</pubDate>
      
      <guid>https://easy.egati.co.th/intranet/blog/installation/</guid>
      <description>Install this template by following those simple steps: STEP-1 : Hugo installation Check this link below for install hugo on your computer. hugo install documentation
STEP-2 : Create your project Hugo provides a new command to create a new website.
hugo new site &amp;lt;new_project&amp;gt; STEP-3 : Install the theme Run this command
hugo new site airspace-hugo and then go to the themes folder inside of airspace-hugo folder. You can also use this command cd airspace-hugo/themes for going to this folder.</description>
    </item>
    
  </channel>
</rss>
