<?xml version="1.0" encoding="utf-8" standalone="yes"?>
<rss version="2.0" xmlns:atom="http://www.w3.org/2005/Atom">
  <channel>
    <title>Tags on EGATi Intranet</title>
    <link>https://easy.egati.co.th/intranet/tags/</link>
    <description>Recent content in Tags on EGATi Intranet</description>
    <generator>Hugo -- gohugo.io</generator>
    <language>en-us</language>
    <lastBuildDate>Sat, 10 Oct 2015 13:07:31 +0200</lastBuildDate><atom:link href="https://easy.egati.co.th/intranet/tags/index.xml" rel="self" type="application/rss+xml" />
    <item>
      <title>ipsum</title>
      <link>https://easy.egati.co.th/intranet/tags/ipsum/</link>
      <pubDate>Sat, 10 Oct 2015 13:07:31 +0200</pubDate>
      
      <guid>https://easy.egati.co.th/intranet/tags/ipsum/</guid>
      <description></description>
    </item>
    
    <item>
      <title>hugo</title>
      <link>https://easy.egati.co.th/intranet/tags/hugo/</link>
      <pubDate>Mon, 03 Aug 2015 13:39:46 +0200</pubDate>
      
      <guid>https://easy.egati.co.th/intranet/tags/hugo/</guid>
      <description></description>
    </item>
    
    <item>
      <title>theme</title>
      <link>https://easy.egati.co.th/intranet/tags/theme/</link>
      <pubDate>Wed, 24 Jun 2015 13:50:46 +0200</pubDate>
      
      <guid>https://easy.egati.co.th/intranet/tags/theme/</guid>
      <description></description>
    </item>
    
    <item>
      <title>golang</title>
      <link>https://easy.egati.co.th/intranet/tags/golang/</link>
      <pubDate>Mon, 01 Jan 0001 00:00:00 +0000</pubDate>
      
      <guid>https://easy.egati.co.th/intranet/tags/golang/</guid>
      <description></description>
    </item>
    
    <item>
      <title>programming</title>
      <link>https://easy.egati.co.th/intranet/tags/programming/</link>
      <pubDate>Mon, 01 Jan 0001 00:00:00 +0000</pubDate>
      
      <guid>https://easy.egati.co.th/intranet/tags/programming/</guid>
      <description></description>
    </item>
    
  </channel>
</rss>
