<?xml version="1.0" encoding="utf-8" standalone="yes"?>
<rss version="2.0" xmlns:atom="http://www.w3.org/2005/Atom">
  <channel>
    <title>Blog on EGATi Intranet</title>
    <link>https://easy.egati.co.th/intranet/blog/</link>
    <description>Recent content in Blog on EGATi Intranet</description>
    <generator>Hugo -- gohugo.io</generator>
    <language>en-us</language>
    <lastBuildDate>Sat, 10 Oct 2015 13:07:31 +0200</lastBuildDate><atom:link href="https://easy.egati.co.th/intranet/blog/index.xml" rel="self" type="application/rss+xml" />
    <item>
      <title>Migrate from Jekyll</title>
      <link>https://easy.egati.co.th/intranet/blog/migrate-from-jekyll/</link>
      <pubDate>Sat, 10 Oct 2015 13:07:31 +0200</pubDate>
      
      <guid>https://easy.egati.co.th/intranet/blog/migrate-from-jekyll/</guid>
      <description>Move static content to static Jekyll has a rule that any directory not starting with _ will be copied as-is to the _site output. Hugo keeps all static content under static. You should therefore move it all there. With Jekyll, something that looked like
▾ &amp;lt;root&amp;gt;/ ▾ images/ logo.png  should become
▾ &amp;lt;root&amp;gt;/ ▾ static/ ▾ images/ logo.png  Additionally, you&amp;rsquo;ll want any files that should reside at the root (such as CNAME) to be moved to static.</description>
    </item>
    
    <item>
      <title>Hugo is for lovers</title>
      <link>https://easy.egati.co.th/intranet/blog/hugo-is-for-lovers/</link>
      <pubDate>Mon, 03 Aug 2015 13:39:46 +0200</pubDate>
      
      <guid>https://easy.egati.co.th/intranet/blog/hugo-is-for-lovers/</guid>
      <description>Step 1. Install Hugo Goto hugo releases and download the appropriate version for your os and architecture.
Save it somewhere specific as we will be using it in the next step.
More complete instructions are available at installing hugo
Step 2. Build the Docs Hugo has its own example site which happens to also be the documentation site you are reading right now.
Follow the following steps:
 Clone the hugo repository Go into the repo Run hugo in server mode and build the docs Open your browser to http://localhost:1313  Corresponding pseudo commands:</description>
    </item>
    
    <item>
      <title>Creating a new theme</title>
      <link>https://easy.egati.co.th/intranet/blog/creating-a-new-theme/</link>
      <pubDate>Wed, 24 Jun 2015 13:50:46 +0200</pubDate>
      
      <guid>https://easy.egati.co.th/intranet/blog/creating-a-new-theme/</guid>
      <description>Introduction This tutorial will show you how to create a simple theme in Hugo. I assume that you are familiar with HTML, the bash command line, and that you are comfortable using Markdown to format content. I&amp;rsquo;ll explain how Hugo uses templates and how you can organize your templates to create a theme. I won&amp;rsquo;t cover using CSS to style your theme.
We&amp;rsquo;ll start with creating a new site with a very basic template.</description>
    </item>
    
    <item>
      <title>How To Setup Airspace Hugo</title>
      <link>https://easy.egati.co.th/intranet/blog/installation/</link>
      <pubDate>Mon, 01 Jan 0001 00:00:00 +0000</pubDate>
      
      <guid>https://easy.egati.co.th/intranet/blog/installation/</guid>
      <description>Install this template by following those simple steps: STEP-1 : Hugo installation Check this link below for install hugo on your computer. hugo install documentation
STEP-2 : Create your project Hugo provides a new command to create a new website.
hugo new site &amp;lt;new_project&amp;gt; STEP-3 : Install the theme Run this command
hugo new site airspace-hugo and then go to the themes folder inside of airspace-hugo folder. You can also use this command cd airspace-hugo/themes for going to this folder.</description>
    </item>
    
  </channel>
</rss>
